{"mean":{"confidence_interval":{"confidence_level":0.95,"lower_bound":34570.550320254086,"upper_bound":34840.39793973036},"point_estimate":34681.78382591196,"standard_error":70.5852377183129},"median":{"confidence_interval":{"confidence_level":0.95,"lower_bound":34498.54234892788,"upper_bound":34550.10891672962},"point_estimate":34515.19845660553,"standard_error":12.155612217568288},"median_abs_dev":{"confidence_interval":{"confidence_level":0.95,"lower_bound":62.543233713931436,"upper_bound":120.08061008229794},"point_estimate":88.32155728692396,"standard_error":15.059091124901625},"slope":{"confidence_interval":{"confidence_level":0.95,"lower_bound":34529.868498188494,"upper_bound":34725.036979907105},"point_estimate":34613.7446038178,"standard_error":50.33087161857445},"std_dev":{"confidence_interval":{"confidence_level":0.95,"lower_bound":186.50558949393363,"upper_bound":1127.8506487213922},"point_estimate":705.8329293900987,"standard_error":264.90286662069286}}