{"mean":{"confidence_interval":{"confidence_level":0.95,"lower_bound":44779.03385455278,"upper_bound":52439.77230608485},"point_estimate":48543.97064691066,"standard_error":1956.4642333878564},"median":{"confidence_interval":{"confidence_level":0.95,"lower_bound":34384.31517241379,"upper_bound":34770.99830966869},"point_estimate":34469.91560163975,"standard_error":828.5781985024497},"median_abs_dev":{"confidence_interval":{"confidence_level":0.95,"lower_bound":261.03770229065566,"upper_bound":966.4472030877124},"point_estimate":446.2306645524658,"standard_error":676.5474603489882},"slope":{"confidence_interval":{"confidence_level":0.95,"lower_bound":55215.59811675793,"upper_bound":65210.493735880664},"point_estimate":60475.5544720576,"standard_error":2553.761092780699},"std_dev":{"confidence_interval":{"confidence_level":0.95,"lower_bound":17909.554097532135,"upper_bound":20653.970705572192},"point_estimate":19669.329305643914,"standard_error":711.2297065194548}}